{"cameraMode":{"drawMode":0,"name":"Shaded","section":"Shading Mode"},"sceneLighting":false,"audioPlay":false,"sceneViewState":{"showFog":true,"showMaterialUpdate":false,"showSkybox":true,"showFlares":true,"showImageEffects":true,"showParticleSystems":true},"in2DMode":false,"pivot":{"x":229.9949951171875,"y":4.742000579833984,"z":255.35000610351563},"rotation":{"x":-0.08683408051729202,"y":0.3529853820800781,"z":-0.03292323648929596,"w":-0.9310087561607361},"size":83.216064453125,"orthographic":false}